Surname,Common5
ABBETT,3
ABBEY,3
ABBOTT,3
ABDULLAH,1
ABERECROMBY,1
ABERG,1
ABREU,1
ADAM,3
ADAMS,5
AH SING,2
AITKEN,4
AKHURST,1
ALAVAKIS,1
ALBAN,1
ALCOCK,1
ALDERSON,1
ALDIS,1
ALEXANDER,4
ALFORD,1
ALLAN,4
ALLARD,1
ALLBEURY,1
ALLEGRETTA,1
ALLEN,1
ALLISS,1
ALTHAM,2
ANDERSON,1
ANDREW,3
ANDREWS,5
ANGOVE,1
ANNEAR,1
ANNING,1
ANSTEY,2
APPLEBY,3
APPLEFORD,3
APPLETON,3
ARCHER,1
ARMANASCO,1
ARMIT,1
ARMSTRONG,4
ARNOLD,4
ARTHUR,1
ARUNDEL,2
ASHMEAD,1
ASKEW,2
ASPHAR,1
ASTILL,1
ATCHLEY,1
ATKINS,4
ATKINSON,1
ATTWELL,2
ATWELL,3
AUBREY,1
AUSTEN,3
AUSTIN,4
AYLING,1
AYMER,1
B,1
BACHE,1
BACK,1
BACKCOLLER,1
BACON,3
BAGG,2
BAGSHAW,2
BAHLINGER,1
BAIL,2
BAILEY,4
BAIRD,4
BAKER,5
BALDWIN,3
BALL,1
BALLACHEY,2
BALLATON,2
BANDY,1
BANFIELD,1
BANKS,1
BANTING,1
BANWELL,1
BARCLAY,4
BARKER,4
BARLOW,3
BARNARD,3
BARNDON,1
BARNES,3
BARNETT,1
BARNSLEY,1
BARR,2
BARRASS,1
BARRETT,3
BARRINGTON,2
BARRON,1
BARRY,2
BARTHOLOMEW,3
BARTLETT,2
BARTLEY,1
BARTON,3
BASTOW,1
BATEMAN,3
BATES,4
BATHURST,3
BATT,2
BATTY,2
BAWDEN,1
BAXTER,3
BEACHAM,3
BEARD,2
BEARDMAN,2
BEATON,1
BEATTIE,4
BEBEE,1
BECHWITH,1
BECKETT,4
BECKWITH,2
BEECROFT,1
BEER,1
BEETSON,1
BELL,3
BENBOW,2
BENJAMIN,3
BENNETT,4
BENNETTS,2
BENOIT,2
BENWELL,1
BERESFORD,3
BERGIN,3
BESSEN0N,1
BETTRIDGE,1
BETTS,1
BEVAN,3
BEWSHER,1
BICKFORD,1
BICKLEY,1
BIDDLE,1
BIDWELL,2
BIGGS,3
BILBROUGH,1
BILTOFT,1
BILTON,1
BINGHAM,3
BINNING,1
BINNS,1
BIRCH,1
BIRCHALL,2
BIRD,3
BIRT,1
BISHOP,4
BLACK,5
BLACKLEY,3
BLACKMAN,4
BLACKWELL,4
BLADES,1
BLAKE,4
BLAKEMORE,3
BLAMPEY,1
BLECHYDEN,1
BLECHYMNDED,1
BLECHYNDEN,1
BLINCO,1
BLOGNA,1
BLUNT,2
BLURTON,1
BLYTH,3
BOASE,1
BOESSER,1
BOLGER,2
BOLITHO,2
BOLT,2
BOLTON,1
BOMPAS,1
BOND,3
BONDESON,1
BONNETT,1
BONSER,2
BOOTH,1
BOWDEN,1
BOWLEY,1
BOWMAN,1
BOWRON,1
BOX,1
BOYLE,1
BOYNTON,1
BOYS,1
BRABHAM,1
BRACKEN,1
BRADLEY,1
BRADSHAW,1
BRADY,1
BRAND,1
BRANDIS,1
BRANSBERY,1
BRANSBY,1
BRANSON,1
BRASSINGTON,1
BRATCHIE,1
BRAY,1
BRAYBROOK,1
BREEN,1
BRENNAN,1
BRIDGART,1
BRIDGES,1
BRIGGS,1
BRIMSON,1
BRIMSTONE,1
BRINDLEY,1
BRISTOW,2
BROAD,2
BROADWOOD,2
BROCK,2
BROCKMAN,1
BROGMUS,1
BROOKS,4
BROPHY,1
BROTCHIE,1
BROWN,5
BROWNE,5
BROWNING,4
BRUCE,3
BRUMPTON,1
BRUSASCHI,1
BRYAN,1
BUCHANAN,2
BUCHHOLDT,1
BUCK,2
BUCKLAND,1
BUCKLE,1
BUCKLEY,3
BUEGGE,1
BUFFINTON,1
BUFTON,1
BUGGINS,1
BULGER,1
BULL,1
BULLOCK,1
BULOG,1
BULPIN,1
BUNTER,3
BURDON,1
BURGES,2
BURGESS,3
BURKE,4
BURKETT,1
BURNS,3
BURROUGHS,3
BURROWS,2
BURTON,1
BUSCH,1
BUTCHER,1
BUTLER,1
BUTT,1
BUTTERLY,1
BYASS,1
BYCROFT,1
BYFIELD,1
BYRNE,1
C,1
CABLE,1
CADWALLADER,1
CAFFELL,1
CAHILL,1
CAIELS,1
CAILES,1
CAIRNS,1
CALDER,1
CALLAGHAN,1
CALLANAN,1
CALWELL,1
CAMERON,1
CAMPBEL,1
CAMPBELL,1
CAMPITELLI,1
Cannon ,1
CAPDEVILA,1
CAPES,1
CAPLE,1
CAPPS,1
CARBERRY,1
CARDINAL,1
CAREW-REID,1
CAREY,1
CARGILL,1
CARLON,1
CARLSON,1
CARPENTER,1
CARR,1
CARRICK,1
CARROLL,1
CARSE,1
CARTER,1
CARVELL,1
CASEY,1
CATCHPOLE,1
CATT,1
CECIL,1
CHAMBERLAIN,1
CHAMBERS,1
CHAMP,1
CHAMPION,1
CHANDLER,1
CHANT,1
CHAPMAN,1
CHARTER,1
CHEESEMAN,1
CHERRETT,1
CHESSON,1
CHEVERIL,1
CHEW,1
CHIASSARO,1
CHILCOTT,1
CHILVERS,1
CHIPLIN,1
CHIPPER,1
CHITTY,1
CHIVERS,1
CHRISTIE,1
CHRISTMASS,1
CHUCK,1
CLACKSON,1
CLANCY,1
CLAPP,1
CLARK,1
CLARKE,1
CLARKSON,1
CLIFTON,1
CLINCH,1
COATES,1
COBLEY,1
COCHRANE,1
COCKS,1
COFFIN,1
COGHLAN,1
COHEN,1
COKER,1
COLE,1
COLES,1
COLLINS,1
COLLIS,1
COMBES,1
COMPTON,1
CONDON,1
CONDREN,1
CONGRENE,1
CONGREVE,1
CONGRIFF,1
CONIFF,1
CONNOLLY,1
CONNOR,1
CONNORS,1
COOK,1
COOKE,1
COOLAHAN,1
COOMBS,1
COOMER,1
COONAN,1
COOPER,1
COOTE,1
COPE,1
COPELAND,1
COPPIN,1
COPPOLINA,1
CORBETT,1
CORBITT,1
CORDNER,1
Corey ,1
CORNELIUS,1
CORNELLY,1
CORNISH,1
CORSE,1
CORVER,1
COSGROVE,1
COSTIGAN,1
Cottle ,1
COTTRELL,1
COUPAR,1
COUPER,1
COUSINS,1
COWAN,1
COWIN,1
COWLEY,1
COX,1
COY,1
COYLE,1
COYNE,1
CRAIG,1
CRAINE,1
CRAKE,1
CRANLEY,1
CRANNAGE,1
CRAWFORD,1
CREAM,1
CREDIDIO,1
CRISP,1
CROCKETT,1
CROFT,1
CROFTS,1
CROME,1
CROSS,1
CROTTY,1
CROUCH,1
CROXFORD,1
CRUES,1
CULLEN,1
CULLETON,1
CUMMINS,1
CUNNINGHAM,1
CURREY,1
CURRIE,1
CUSACK,1
D,1
DABONDI,1
DACOMB,1
DADDOW,1
DALEY,1
DALGLISH,1
DALL,1
DALTON,1
D'ANDREIS,1
DANKER,1
DAPOZZI,1
DARCH,1
DaSILVA,1
DAVEY,1
DAVIDSON,1
DAVIES,1
DAVIS,1
DAWES,1
DAWSON,1
DAY,1
De BANKS,1
DE FREITAS,1
DE TURT,1
DEAGUE,1
DEAKIN,1
DEAN,1
DEANE,1
DEC,1
DECKE,1
DEDERICK,1
DEE,1
DEERING,1
DEHRING,1
DEL BIANCO,1
DELANDGRAFFT,1
DELANEY,1
DELLA BONA,1
DELLAR,1
DEMASON,1
DEMPSEY,1
DENHAM,1
DENING,1
DENMAN,1
DENT,1
DEVEREUX,1
DEVINE,1
DEWAR,1
DHU,1
DIACK,1
DICKEN,1
DIGGINS,1
DIGNEY,1
DILLON,1
DIMOND,1
DING,1
DISKON,1
DITCHBURN,1
DIX,1
DIXON,1
DODD,1
DODDS,1
DOHERTY,1
DOLAN,1
DONALD,1
DONALDSON,1
DONCON,1
DONNAN,1
DONOVAN,1
DOODY,1
DOOHAN,1
DOOLEY,1
DORAN,1
DORNAN,1
DORRINGTON,1
DOSCAS,1
DOUBIKIN,1
DOUGLAS,1
DOUST,1
DOVEY,1
DOWIE,1
DOWNES,1
DOWNEY,1
DOYLE,1
DRABBLE,1
DRAGE,1
Drake ,1
DRANSFIELD,1
DREWETT,1
DRISCOLL,1
DRURY,1
DUCK,1
DUCKETT,1
DUCROW,1
DUCY,1
DUFF,1
DUFFIELD,1
DUFFY,1
DUNCAN,1
DUNHAM,1
DUNMAIL,1
DUNPHY,1
DURNIN,1
DUTCH,1
DYE,1
DYSON,1
EAKINS,1
EARLE,1
EARLY,1
EARNSHAW,1
EASTAUGH,1
EASTOUGH,1
EATON,1
ECCLESTONE,1
EDDY,1
EDIS,1
EDMONDS,1
EDWARDS,1
EGGLESTON,1
EKERT,1
ELFORD,1
ELLENGER,1
ELLERY,1
ELLICE,1
ELLIOTT,1
ELLIS,1
ELLISON,1
ELLISS,1
ELPHINSTONE,1
ELSEGOOD,1
ELSHAW,1
ELSON,1
ELVERD,1
EMPSON,1
ENDERSBEE,1
ENDERSBY,1
ENEVER,1
ENGLAND,1
ENRIGHT,1
ENSOR,1
ESLER,1
EVANS,1
EVERETT,1
EYLES,1
EYRE,1
F,1
FAIR,1
FALAIS,1
FALLON,1
FANCOTE,1
FANNON,1
FARLEY,1
FARMER,1
FARQUARSON,1
FARQUHAR,1
FARRANT,1
FARRELL,1
FATH-EL-BAB,1
FAULKNER,1
FEAST,1
FEENEY,1
FEIST,1
FELDT,1
FELLOWS,1
FELS,1
FENECH,1
FENNELL,1
FENNER,1
FERGUSON,1
FERNIE,1
FERRES,1
FERRIER,1
FERRIS,1
FEW,1
FIENBERG,1
FINLAY,1
FINN,1
FINNERTY,1
FIORENTINO,1
FIRKIN,1
FIRKINS,1
FIRTH,1
FISHER,1
FISHWICK,1
FITT,1
FITZGERALD,1
FITZGIBBON,1
FITZPATRICK,1
FLAHERTY,1
FLAVEL,1
FLEAY,1
FLECKNELL,1
FLEER,1
FLEMING,1
FLETCHER,1
FLINDERS,1
FLOCKHART,1
FLOOD,1
FLOWER,1
FOGARTY,1
FORBES,1
FORD,1
FORREST,1
FORSAITH,1
Fortescue ,1
FORWARD,1
FOSTER,1
FOWLER,1
FOXCROFT,1
FRANCE,1
FRANCISCO,1
FRASER,1
FREIND,1
FREITAG,1
FRENCH,1
FREW,1
FRIEND,1
FRITH,1
FRY,1
FUHRHOP,1
FURNIVALL,1
G,1
GABEL,1
GABRIELSON,1
GADENNE,1
GALE,1
GALL,1
GALLAGHER,1
GAMBLE,1
GARBUTT,1
GARD,1
GARDENNE,1
GARDINER,1
GARDNER,1
GARNER,1
GARNISH,1
GARRY,1
GARVEY,1
GATEL,1
GATES,1
GATHEL,1
GATRELL,1
GATTER,1
GAUCI,1
GAULT,1
GAUNT,1
GEAGHAN,1
GENONI,1
GENTLE,1
GEOGAN,1
GEOGHAN,1
GEORGE,1
GERARD,1
GIBBON,1
GIBBONS,1
GIBBS,1
GIBLETT,1
GIBSON,1
GILBERT,1
GILD,1
GILES,1
GILL,1
GILLAM,1
GILLESPIE,1
GILLETT,1
GILLHAM,1
GILMORE,1
GILWHITE,1
GIOVANETTI,1
GIRLDESTONE,1
GITTUS,1
GLADWELL,1
GLANVILLE,1
GLASS,1
GLASSON,1
GLAVE,1
GLEESON,1
GLIDDON,1
GLOVER,1
GLYNN,1
GOLDWYER,1
GOLTZ,1
GONCALVES,1
GOOCH,1
GOODENOUGH,1
GOOLD,1
GORDON,1
GORIE,1
GORRIE,1
GORTON,1
GOSS,1
GOULD,1
GOULDTHORP,1
GOULDTHORPE,1
GOVER,1
GOW,1
GRACE,1
GRADY,1
GRAHAM,1
GRANT,1
Granville/Grenville ,1
GRAVES,1
GRAY,1
GREAVES,1
GREEN,1
GREENE,1
GREENWOOD,1
GREGG,1
GREGORY,1
GREY,1
GRIBBLE,1
GRIFFITH,1
GRIFFITHS,1
GRIGGS,1
GRIGSBY,1
GROSSE,1
GROUT,1
GROVER,1
GRUNBERG,1
GUAGLIARDO,1
GUERIN,1
GUEST,1
GUILFOYLE,1
GUNDISCH,1
GUNDISH,1
GUTHRIE,1
GUY,1
H,1
HAACK,1
HABY,1
HACKETT,1
HACKFORD,1
HAGGERTY,1
HAHN,1
HAINGE,1
HALE,1
HALEY,1
HALL,1
HALLIDAY,1
HALLIGAN,1
HALLS,1
HALVORSON,1
HAMDORF,1
HAMILTON,1
HAMLETT,1
HAMMER,1
HAMMIL,1
HAMMOND,1
HAMPTON,1
HANCOCK,1
HANHAM,1
HANNEY,1
HANSEN,1
HARDING,1
HARDWICK,1
HARDY,1
HARDY-JOHNSON,1
HARFORD,1
HARGEST,1
HARMAN,1
HARNETT,1
HARPER,1
HARRINGTON,1
HARRIS,1
HARRISON,1
HARROLD,1
HARVEY,1
HARWOOD,1
HASCH,1
HASLEBY,1
HASTWELL,1
HATHAWAY,1
HAVERCROFT,1
HAVILL,1
HAWKER,1
HAWKES,1
HAWKINS,1
HAY,1
HAYDEN,1
HAYES,1
HAYMAN,1
HAYNES,1
HAYTON,1
HAYTREAD,1
HAYWARD,1
HEADLAND,1
HEANEY,1
HEARN,1
HEATH,1
HEBB,1
HEDLAND,1
HEDLUND,1
HEELAN,1
HEHIR,1
HEISE,1
HELLIER,1
HELLIWELL,1
HENDERSON,1
HENDRY,1
HENRY,1
HENSHAW,1
HEPWORTH,1
HERBERT,1
HERRICK,1
Hetherington/Hetherinton ,1
HEWETT,1
HEWISON,1
HICKS,1
HIGGON,1
HIGGS,1
HILDEBRANDT,1
HILL,1
HILLIER,1
HILLMAN,1
HINE,1
HINES,1
HINNIGAN,1
HIRD,1
HITCHCOCK,1
HOARE,1
HOBLEY,1
HODDER,1
HODDY,1
HODGES,1
HODSON,1
HOFFMAN,1
HOGAN,1
HOGBEN,1
HOKIN,1
HOLBROOK,1
HOLDER,1
HOLLIS,1
HOLMES,1
HOPKINS,1
HORAN,1
HORLEY,1
HORN,1
HORNE,1
HOROBIN,1
HORSMAN,1
HORSPOOL,1
HORTON,1
HORTOP,1
HORWOOD,1
HOSKEN,1
HOTHAM,1
HOTHAMS,1
HOUGH,1
HOULAHAN,1
HOWARD,1
HOWARTH,1
HOWE,1
HOWELL,1
HOWLETT,1
HUBBLE,1
HUBERY,1
HUDSON,1
HUGHES,1
HUISH,1
HULBERT,1
Hull ,1
HULSE,1
HUMBERSTONE,1
HUME,1
HUNERT,1
HUNT,1
HUNTER,1
HUTCHENS,1
HUTCHINS,1
HUXTABLE,1
HYAMS,1
HYDE,1
HYDEN,1
HYMUS,1
I,1
ILES,1
ILLINGWORTH,1
IMMS,1
INKPEN,1
INKSTER,1
INNES,1
J,1
JACKMAN,1
JACKSON,1
JACQUES,1
JAMES,1
JEFFREE,1
JENKIN,1
JENKINS,1
JENKINSON,1
JENNINGS,1
JERRATT,1
JOB,1
JOHANSEN,1
JOHNS,1
JOHNSON,1
JOHNSTON,1
JOHNSTONE,1
JOLLEY,1
JOLLY,1
JONES,1
JORDAN,1
JORGENSEN,1
JOSE,1
JOYCE,1
JUGGINS,1
KAFCALOUDES,1
KAIN,1
KAY,1
KEALL,1
KEAN,1
KEANE,1
KEANEY,1
KEATING,1
KEEFE,1
KEEN,1
KEHELY,1
KELLY,1
KELSALL,1
KEMBER,1
KEMP,1
KENANE,1
KENNEDY,1
KENT,1
KENWORTHY,1
KERLY,1
KERN,1
KERR,1
KEW,1
KEYS,1
KHAN,1
KIDD,1
KIELY,1
KILDAHL,1
KILMARTIN,1
KILROY,1
KINDELAN,1
KING,1
KINGS,1
KINGSFORD,1
KINGSTON,1
KINLAND,1
KIRK,1
KIRKBY,1
KIRKMAN,1
KIRWAN,1
KITNEY,1
KLEESH,1
KNAPP,1
KNEALE,1
KNEVITT,1
KNOTT,1
KOHLHAGAN,1
KOT,1
KUCHAN,1
KURIATA,1
KURJATA,1
KYLE,1
L,1
LADHAMS,1
LAGERSTROM,1
LAHY,1
LAIDLER,1
LAKE,1
LAKEMAN,1
LALLY,1
LAMBERT,1
LANG,1
LANGMID,1
LANGOULANT,1
LANGSFORD,1
LANYON,1
LAREDO,1
LARKE,1
LARRAD,1
LARSON,1
LARTER,1
LASLETT,1
LATHAM,1
LATIMER,1
LAVERY,1
LAWLOR,1
LAWRENCE,1
LAWSON,1
LAYTON,1
LAZENBY,1
Le MESURIER,1
LEAF,1
LEAHY,1
LEARY,1
LEATH,1
LEDDIN,1
LEDGER,1
LEDWITH,1
LEE,1
LEEDER,1
LEESE,1
LEGGO,1
LEIGHTON,1
LEISALD,1
LENNOX,1
LEONARD,1
LEOPOLD,1
LESLIE,1
LEWER,1
LEWIS,1
LEYLAND,1
LIDDELL,1
LIDDELOW,1
LIGHT,1
LILBURNE,1
LILLIS,1
LINDAU,1
LINDSEY,1
LINKE,1
LINSKET,1
LINSKETT,1
LINTO,1
LISTER,1
LITTLE,1
LIVINGSTONE,1
LLEWELLYN,1
LLOYD,1
LOBATO,1
LOCKE,1
LOCKWOOD,1
LOCKYER,1
LODINGTON,1
LOGAN,1
LOGUE,1
LONG,1
LONGMAN,1
LORD,1
LOTT,1
LOUDEN,1
LOUGHLIN,1
LOVE,1
LOVEGROVE,1
LOVEJOY,1
LOVELOCK,1
LOW,1
LOWE,1
LOWHAM,1
LOWKE,1
LOWRIE,1
LOWRY,1
LUND,1
LUPORI,1
LUTTRELL,1
LYALL,1
LYDON,1
LYLE,1
LYNAM,1
LYON,1
LYONS,1
M,1
MacAULAY,1
MACBETH,1
MACDONALD,1
MACK,1
MACKAY,1
MACKENZIE,1
MACKIE,1
MACLEAN,1
MADDEN,1
MADDERN,1
MADDOCK,1
MAGUIRE,1
MAHER,1
MAINLAND,1
MAKIN,1
MALEY,1
MANDELSTAM,1
MANN,1
MANSFIELD,1
MAPSON,1
Marchbank ,1
MARKEY,1
MARPER,1
MARSHALL,1
MARTIN,1
MASLIN,1
MASSICKS,1
MASSINGHAM,1
MATTHEWS,1
MAUDE,1
MAXWORTHY,1
MAYS,1
McALLISTER,1
McARTHUR,1
McAULIFFE,1
McBRIDE,1
McCABE,1
McCAHON,1
McCALLUM,1
McCANN,1
McCARDLE,1
McCARLEY,1
McCARTHY,1
McCAW,1
MCCOLL,1
McCOMISH,1
McCORMACK,1
McCORRY,1
McCRACKEN,1
McCREERY,1
McDONALD,1
McDONNELL,1
McDONOUGH,1
McDOWALL,1
McDOWELL,1
MCEVOY,1
McFADDEN,1
McGANN,1
McGHIE,1
McGILLIVRAY,1
McGINNIS,1
McGLASHAN,1
McGOUGH,1
McGOWAN,1
McGRATH,1
McGUINESS,1
McGUIRE,1
McINDOE,1
McINNES,1
McINTYRE,1
McKAY,1
MCKEE,1
McKEEVER,1
McKELVIE,1
McKEON,1
McKERRACHER,1
McKIFF,1
McLAREN,1
MCLEAN,1
McLELLAN,1
McLENNAN,1
McLEOD,1
McMAHON,1
McMEEKIN,1
McMILLIAN,1
McMULLEN,1
McMURRAY,1
McNAMARA,1
McNEIL,1
McQUEEN,1
McSAULY,1
McSORLEY,1
McSORLY,1
McVEE,1
McVEIGH,1
MEACOCK,1
MEAD,1
MEAGHER,1
MEDCRAFT,1
MELBIN,1
MELDRUM,1
MELLOR,1
MELLOWS,1
MERCER,1
MEREDITH,1
MERIDITH,1
MERREY,1
MERRICK,1
MERRITT,1
METCALFE,1
METHERELL,1
MEWS,1
MEYERS,1
MIDDLETON,1
MILES,1
MILLER,1
MILLINGTON,1
MILLS,1
MILNE,1
MILNER,1
MILWARD,1
MINCHIN,1
MINSON,1
MIRCO,1
MITCHELL,1
MITCHELMORE,1
MOIR,1
MOLLER,1
MOLLOY,1
MOLONEY,1
MONAGHAN,1
MONGER,1
MONNOX,1
MONTGOMERIE,1
MOON,1
MOONEY,1
MOORE,1
MORAN,1
MORGAN,1
MORLEY,1
MORPHETT,1
MORRELL,1
MORRIS,1
MORRISON,1
MORROW,1
MORSE,1
MORSKATE,1
MOTTERAM,1
MOTTERSHEAD,1
MOTTRAM,1
MOUCHEMORE,1
MOULTEN,1
MOULTON,1
MOUNTAIN,1
MOYLE,1
MUDGE,1
MUIR,1
MULCLEARY,1
MULLINS,1
MUMME,1
MUNN,1
MUNRO,1
MUNYARD,1
MURPHY,1
MURRAY,1
MUSCA,1
MYERS,1
N,1
NAIRN,1
NAME,1
NANKERVIS,1
NANKIVELL,1
NANKIVILLE,1
NAREA,1
NARRIER,1
NASH,1
NAZARETTE,1
NEEDLE,1
NEEDS,1
NEIL,1
NEILL,1
NEWMAN,1
NICHOLLS,1
NICOL,1
NOBLE,1
NOLAN,1
NOONAN,1
NORCROSS,1
NORMOYLE,1
NORTH,1
NORTHAM,1
NUMNA,1
O,1
OATES,1
OBORNE,1
O'BRIEN,1
O'BRYAN,1
OCHTMAN,1
ODDY,1
O'DEA,1
O'GREADY,1
O'HALLORAN,1
O'HARA,1
O'HEHIR,1
OLDFIELD,1
O'LEARY,1
OLIVER,1
O'MALLEY,1
O'MEARA,1
O'NEIL,1
O'NEILL,1
ONIONS,1
OPIE,1
ORR,1
OSBORN,1
O'SHEA,1
OSTWALD,1
OTHAM,1
OTHAMS,1
OUTRAM,1
OVERHEU,1
OWEN,1
P,1
PAGE,1
PAISLEY-KERR,1
PALEY,1
Palmer ,1
PARKER,1
PARKES,1
PARRY,1
PARSONAGE,1
PARSONS,1
PASCOE,1
PASSMORE,1
PATERSON,1
PATMAN,1
PATTEN,1
PATTERSON,1
PAULL,1
PAYNE,1
PEAKE,1
PEARCE,1
PEARMAN,1
PEARSE,1
PEDERICK,1
PEDERSEN,1
PEERS,1
PEGUS,1
PELL,1
PEMBER,1
PENNO,1
PEREDSEN,1
PERRY,1
PERSSE,1
PETERS,1
PETERSON,1
PETTERSON,1
PETTIT,1
PETTY,1
PHILLIPS,1
PHIPPS,1
PICKETT,1
PIERCY,1
PIESSE,1
PIGGOTT,1
PIGHT,1
PIHL,1
PILBEAM,1
PILLAGE,1
PIMM,1
PINCH,1
PINK,1
PIPER,1
PITCHFORD,1
PITMAN,1
PLACE,1
PLANT,1
PLATT,1
PLAYLE,1
PLUNKETT,1
POLAND,1
POLLARD,1
POLLOCK,1
POND,1
POOLE,1
POPE,1
PORLEY,1
PORTEOUS,1
POTTER,1
POTTINGER,1
POWELL,1
POWER,1
PREASON,1
PREECE,1
PREEDY,1
PREST,1
PRESTON,1
PRICE,1
PRIDEAUX,1
PRIEST,1
PRINCE,1
PROPERJOHN,1
PTOLOMEY,1
PUCKERING,1
PUCKRIN,1
PUDLAUSKAS,1
PULLEINE,1
PURCHASE,1
PURSER,1
PURSLOWE,1
PUSEY,1
PYBUS,1
Q,1
QUARTERMAINE,1
QUATT,1
QUINN,1
RACKSTRAW,1
RADFORD,1
RALPH,1
RALSTON,1
RANCE,1
RANDALL,1
RAPLEY,1
RAPP,1
RATE,1
RAWLINSON,1
RAWNSLEY,1
RAWSON,1
READ,1
REARDON,1
REBELS,1
REEVES,1
REGAN,1
REID,1
REILLY,1
RENDELL,1
RENDER,1
RENTON,1
REW,1
REWELL,1
REYNOLDS,1
RHODES,1
RICE,1
RICH,1
RICHARDSON,1
RICHARDSON-JOHNSON,1
RICKSON,1
RIDDELL,1
RIDLEY,1
RIEDEL,1
RILEY,1
RING,1
RINGWOOD,1
RIPPER,1
ROBERTS,1
ROBIN,1
ROBINS,1
ROBINSON,1
ROCHE,1
RODD,1
RODGERS,1
RODNEY,1
ROEHR,1
ROGERS,1
RONALDI,1
RONAN,1
ROONEY,1
RORKE,1
ROSE,1
ROSER,1
ROSS,1
ROUNDTREE,1
ROUT,1
ROWE,1
ROWLAND,1
ROWLANDS,1
ROWSELL,1
RUSHFORTH,1
RUSSELL,1
RUTHERFORD,1
RYAN,1
RYDER,1
RYDING,1
S,1
SADLIER,1
Saint Leger ,1
SALE,1
SALMON,1
SALTER,1
SALVAIRE,1
SAMPSON,1
SAMUELS,1
SAMWAYS,1
SANDERS,1
SARACENI,1
SAUNDERS,1
SAW,1
SAWYER,1
SAYCE,1
SCADDEN,1
SCANLAN,1
SCARROTT,1
SCATTERGOOD,1
SCHENFUHS,1
SCHIPP,1
SCHMIDT,1
SCHNAARS,1
SCHNEFUHS,1
SCHOFIELD,1
SCHULTZE,1
SCHULZE,1
SCOBLE,1
SCOTLAND,1
SCOTT,1
SCRIBBINGS,1
SCRIVENER,1
SEALE,1
Seaman ,1
SELLICK,1
SEMMENS,1
SENIOR,1
SENTENELLER,1
SERMON,1
SEWELL,1
SEXTON,1
SEYMOUR,1
SHACKLETON,1
SHADDICK,1
SHADE,1
SHARPLES,1
SHAW,1
SHEARER,1
SHEEHAN,1
SHEEN,1
SHERIDAN,1
SHERMAN,1
SHERWOOD,1
SHINNER,1
SHIPLEY,1
SIMCOCK,1
SIMPSON,1
SINCLAIR,1
SINDEN,1
SISTI,1
SLADE,1
SLEATH,1
Slocum/Slocombe ,1
SMETHERHAM,1
SMITH,1
SMYTH,1
SNELLING,1
SNOOK,1
SNOOKE,1
SNOW,1
SNOWFOOT,1
SOLLY,1
SOUNNESS,1
SOUTHALL,1
SOWDEN,1
SPAIN,1
SPANSWICK,1
SPARKS,1
SPEIGHT,1
SPENCE,1
SPENCER,1
SPICE,1
SPRAGG,1
SPRAKS,1
SPRATT,1
SPRIGGS,1
SPRINGATE,1
SPROLT,1
SPROSTON,1
SQUIRES,1
STACEY,1
STACK,1
STAFFORD,1
STAINTHORPE,1
STALLARD,1
STALLWOOD,1
STAMP,1
STANES,1
STANIFORTH,1
STEEL,1
STEELE,1
STEPHENS,1
STEPHENSON,1
STEVENS,1
STEVENSON,1
STEWART,1
STINTON,1
STIRLING,1
STOCK,1
STOCKDALE,1
STOKES,1
STONE,1
STORRIE,1
STOUT,1
STOW,1
STRAHAN,1
STRANG,1
STRATTON,1
STRAUSS,1
STRAW,1
STRAWBRIDGE,1
STRICKLAND,1
STRIPE,1
STRONACH,1
STRUTT,1
STUBER,1
STUTCHBURY,1
SUAREZ,1
SUGGET,1
SULLIVAN,1
SUMMERELL,1
SUMNER,1
SUMSION,1
SURRADGE,1
SUTCLIFFE,1
SUTHERLAND,1
SUTTON,1
SWAIN,1
SWAN,1
SWEENEY,1
SWEETMAN,1
SWIFT,1
SWINBOURN,1
SWINEY,1
SYMES,1
SYMONDS,1
SYRED,1
T,1
TALBOYS,1
TAPPER,1
TASSELL,1
TATE,1
TAYLOR,1
TEBBUTT,1
TERRELL,1
TERRY,1
THOM,1
THOMAS,1
THOMPSON,1
THOMSON,1
THORNETT,1
THORNHILL,1
THORNTON,1
THORPE,1
THURGOOD,1
THURKLE,1
TILBURY,1
TILLER,1
TIMMS,1
TIMPSON,1
TINKLER,1
TIPPING,1
TISCHLER,1
Titus ,1
TODD,1
TOLMIE,1
TOMKINSON,1
TOMLINSON,1
TOMNEY,1
TONKIN,1
TOOTELL,1
TORPY,1
TORY,1
TOTTIE,1
TOTTMAN,1
TOWNSEND,1
Townsend/Townshend ,1
TRAMOUNDANAS,1
TRAMOUNTANAS,1
TRAVIS,1
TREE,1
TRENOWETH,1
TREW,1
TRIGG,1
TRIGWELL,1
TROTTER,1
TRUSLOVE,1
TUNNEY,1
TURNER,1
TUSSLER,1
TWITCHIN,1
TWOMEY,1
TYACK,1
TYNAN,1
TYSON,1
U,1
UREN,1
URQUHART,1
V,1
VAGG,1
VALENTINE,1
VARISCHETTI,1
VAUGHAN,1
VENUS,1
VERIT,1
VERNON,1
VIERTELHAUSEN,1
VIGUS,1
VINCENT,1
VOIGT,1
VOLKMANN,1
VOSTI,1
W,1
WADDELL,1
WADDINGHAM,1
WADE,1
WAGHORN,1
WAGNER,1
WAKEFIELD,1
WALDECK,1
WALDON,1
WALES,1
Walker ,1
WALLACE,1
WALLING,1
WALLIS,1
WALMSLEY,1
WALSH,1
WALTON,1
WANSBOROUGH,1
WARD,1
WARDLE,1
WARE,1
WARNER,1
WARNOCK,1
WARREN,1
WARWICK,1
WATERS,1
WATKINS,1
WATSON,1
WATT,1
WATTIS,1
WATTS,1
WEBB,1
WEBBER,1
WEBBLEY,1
WEBSDALE,1
WEBSTER,1
WEDD,1
WEEDON,1
WEHR,1
WEIR,1
WELCH,1
WELLS,1
WENT,1
WERE,1
WERTHEIMER,1
WEST,1
WESTERN,1
WETHERALL,1
WHATMAN,1
WHEATLEY,1
WHEELOCK,1
WHIFFEN,1
WHISKIN,1
WHITE,1
WHITEHURST,1
WHITELEY,1
WHITESIDE,1
WHITFORD,1
WHITLOCK,1
WHITTAKER,1
WHITWORTH,1
WHYBORN,1
WHYBROW,1
WIESE,1
WIFFEN,1
Wiggins ,1
WILKERSON,1
WILKES,1
WILKINSON,1
WILKS,1
WILLEY,1
WILLIAMS,1
WILLIMOTT,1
WILLIS,1
WILSON,1
WILTON,1
WINEFIELD,1
WINGROVE,1
WINNETT,1
WINTER,1
WINWOOD,1
WIRTH,1
WISHART,1
WISLON,1
WITCHELL,1
WITHNELL,1
WOHLSTRAND,1
WOLFE,1
WOOD,1
WOODHEAD,1
WOODS,1
WOODYATT,1
WOOLHOUSE,1
WOOLLANDS,1
WORRALL,1
WORTH,1
WORTHINGTON,1
WRAY,1
WRIGHT,1
WRIGHTSON,1
WROTH,1
WUILLEMIN,1
WYATT,1
WYBREW,1
WYNN,1
WYNNE,1
Y,1
YATES,1
YEO,1
YEWDALE,1
YORK,1
YORKE,1
YOUARD,1
YOUNG,1
Z,1
ZELLING,1
ZIC,1
ZIS,1
